col1,col2,col3,col4,col5,col6
Series,Origin,Year,FuelType,Function,
2937,ImmobiliserSystem,Thesis,02-09,Key Programming,
2938,ImmobiliserSystem,Ypsilon,03-06,Key Programming,
2939,ImmobiliserSystem,Phedra,05-,Key Programming,
Series,Origin,Year,FuelType,Function,
2930,Immobiliser System,159,Other,KeyProgramming,
2931,Immobiliser System,Spider,Other,KeyProgramming,
2932,Immobiliser System,Brera,Other,KeyProgramming,
2933,Immobiliser System,147,Other,KeyProgramming,
2934,Immobiliser System,GT,Other,KeyProgramming,
2935,Immobiliser System,Giulietta,Other,KeyProgramming,
2936,Immobiliser System,Mito,Other,KeyProgramming,
,KNOW BEANS,,,,
Series,,Origin,Year,FuelType,Function
2884,,ZD2,Other,Other,Other
,OPEL,,,,
,IMMO,,,,
Series,Origin,Year,FuelType,Function,
ReadPIN code,Other,Other,Other,Type 1,
ImmobilizerSystem,Selectfrom type,Type 1,Other,SmartKey,
ImmobilizerSystem,Selectfrom vehicle,Insignia,Other,SmartKey,
ImmobilizerSystem,Selectfrom type,Type 1,Other,Immobilization,
ImmobilizerSystem,Selectfrom vehicle,Insignia,Other,Immobilization,
ImmobilizerSystem,Selectfrom type,Type 2,Other,IMMO2,
ImmobilizerSystem,Selectfrom vehicle,Agila,Other,IMMO2,
ImmobilizerSystem,Selectfrom vehicle,Astra-G,Other,IMMO2,
ImmobilizerSystem,Selectfrom vehicle,Calibra,OtherIMMO2,IMMO2,
ImmobilizerSystem,Selectfrom vehicle,Combo,Other,IMMO2,
ImmobilizerSystem,Selectfrom vehicle,Corsa-B,Other,IMMO2,
ImmobilizerSystem,Selectfrom vehicle,Corsa-C,Other,IMMO2,
ImmobilizerSystem,Selectfrom vehicle,Meriva,Other,IMMO2,
ImmobiliserSystem,Selectfrom vehicle,Movano,Other,IMMO2,
ImmobiliserSystem,Selectfrom vehicle,Omega-B,Other,IMMO2,
ImmobilizerSystem,Selectfrom vehicle,Sintra,Other,IMMO2,
ImmobiliserSystem,Selectfrom vehicle,Tigra-B,Other,IMMO2,
ImmobiliserSystem,Selectfrom vehicle,Vectra-B,Other,IMMO2,
Series,Origin,Year,FuelType,Function,
ImmobilizerSystem,Selectfrom vehicle,Zafira-B,Other,IMMO2,
ImmobiliserSystem,Selectfrom type,Type 3,Other,IMMO3,
Selectfrom vehicle,Astra-H,Other,Type 3,,
ImmobilizerSystem,Selectfrom type,Type 4,Other,IMMO4,
ImmobilizerSystem,Selectfrom vehicle,Agila B,-2009,IMMO4,
ImmobilizerSystem,Selectfrom type,Type 5,Other,IMMO5,
ImmobilizerSystem,Selectfrom vehicle,Agila B,2009-,IMMO5,
RemotecontrolSystem,Astra-H,Other,Other,Remote control,
RemotecontrolSystem,Zafira-B,Other,Other,Remote control,
RemotecontrolSystem,Vectra-C/Signum,Other,Other,Remote control,
RemotecontrolSystem,Corsa-D,Other,Other,Remote control,
Series,Origin,Year,FuelType,Function,
ImmobiliserSystem,Other,Other,Other,Type 1,
Series,Origin,Year,FuelType,Function,
Viaggio,Other,Other,Other,KeyProgramming,
Palio,Other,Other,Other,KeyProgramming,
Siena,Other,Other,Other,KeyProgramming,
Bravo,Other,Other,Other,KeyProgramming,
Perla,Other,Other,Other,KeyProgramming,
Series,Origin,Year,FuelType,Function,
Freemont,Other,Other,Other,SmartKey Programming,
Viaggio,Other,Other,Other,SmartKey Programming,
Series,Origin,Year,FuelType,Function,
ImmobiliserSystem,GT,Other,Other,Type 1,
ImmobiliserSystem,MG3,2013-,Other,Type 1,
ImmobiliserSystem,MG5,2013-,Other,Type 1,
ImmobiliserSystem,MG7,2013-,Other,Type 1,
ImmobiliserSystem,MG6,-2012,Other,Type 2,
RemoteKeySystem,MG7,Other,Other,Remote Key System2,
RemoteKeySystem,MG3,Other,Other,Remote Key System3,
ImmobiliserSystem,MG3,-2012,Other,Type 0,
ImmobiliserSystem,MG5,-2012,Other,Type 0,
ImmobiliserSystem,MG6,2013-,Other,Type 3,
ImmobiliserSystem,GS,SmartKey,Other,Type 8,
ImmobiliserSystem,GS,不SmartKey,Other,Type 9,
Series,Origin,Year,FeulType,Function,
Geely,Vision,Other,Other,Industrialtraffic security system,
Geely,Free Cruiser,Other,Other,Industrialtraffic security system,
Geely,Eagle,Other,Other,Industrialtraffic security system,
Series,Origin,Year,FeulType,Function,
Gleagle,Panda,Other,Other,Industrialtraffic security system,
Gleagle,GX718,Other,Other,Industrialtraffic security system,
Gleagle,GX720,Other,Other,Industrialtraffic security system,
Gleagle,GX7,Other,Other,Industrialtraffic security system,
Gleagle,GC7,Other,Other,Industrialtraffic security system,
Gleagle,GX2,Other,Other,Industrialtraffic security system,
Gleagle,GX9,Other,Other,Industrialtraffic security system,
Emgrand,EC7(EC7RS) Series,Other,Other,Industrialtraffic security system,
Emgrand,EC820,Other,Other,Industrialtraffic security system,
Emgrand,EC825,Other,Other,Industrialtraffic security system,
Emgrand,EX8,Other,Other,Industrialtraffic security system,
Emgrand,FC-2,Other,Other,Industrialtraffic security system,
Emgrand,GS,Other,Other,Industrialtraffic security system,
Emgrand,GL,Other,Other,Industrialtraffic security system,
Mapgl,Other,Other,Other,Industrialtraffic security system,
Engloncar,SC5,Other,Other,Industrialtraffic security system,
Engloncar,SC6,Other,Other,Industrialtraffic security system,
Engloncar,SC7,Other,Other,Industrialtraffic security system,
Engloncar,SX7,Other,Other,Industrialtraffic security system,
Engloncar,LG-1(CROSS),Other,Other,Industrialtraffic security system,
Gleagle,GX718,Other,Other,Lear body controlsystem,
Gleagle,GX7,Other,Other,Lear body controlsystem,
Emgrand,EC820,Other,Other,Lear body controlsystem,
Emgrand,EC825,Other,Other,Lear body controlsystem,
Engloncar,SX7,Other,Other,Lear body controlsystem,
Series,Origin,Year,FeulType,Function,
Gleagle,GX7,Other,Other,HaiLa smartkeysystem (15-before 6-digitPIN code),
Gleagle,GX9,Other,Other,HaiLa smartkeysystem (15-before 6-digitPIN code),
Emgrand,EC825,Other,Other,HaiLa smartkeysystem (15-before 6-digitPIN code),
Emgrand,EV8,Other,Other,HaiLa smartkeysystem (15-before 6-digitPIN code),
Engloncar,SX7,Other,Other,HaiLa smartkeysystem (15-before 6-digitPIN code),
Gleagle,GX7,Other,Other,HaiLa smartkeysystem (15-after 32-digitESK code),
Gleagle,GX9,Other,Other,HaiLa smartkeysystem (15-after 32-digitESK code),
Emgrand,EC825,Other,Other,HaiLa smartkeysystem (15-after 32-digitESK code),
Emgrand,EV8,Other,Other,HaiLa smartkeysystem (15-after 32-digitESK code),
Emgrand,GC9,Other,Other,HaiLa smartkeysystem (15-after 32-digitESK code),
Emgrand,GL,Other,Other,HaiLa smartkeysystem (15-after 32-digitESK code),
Emgrand,GS,Other,Other,HaiLa smartkeysystem (15-after 32-digitESK code),
Engloncar,SX7,Other,Other,HaiLa smartkeysystem (15-after 32-digitESK code),
Emgrand,EC7(EC7RS) Series,Other,Other,Continentalsmart keysystem(15-beforefree code),
Emgrand,EV,Other,Other,Continentalsmart keysystem(15-beforefree code),
Emgrand,HEV,Other,Other,Continentalsmart keysystem(15-beforefree code),
Emgrand,EC7(EC7RS) Series,Other,Other,Continentalsmart keysystem(15-after 32-digitESK code),
Emgrand,EV,Other,Other,Continentalsmart keysystem(15-after 32-digitESK code),
Emgrand,HEV,Other,Other,Continentalsmart keysystem(15-after 32-digitESK code),
Emgrand,EC820,Other,Other,Lear body controlsystem(CANBUS),
Emgrand,EC825,Other,Other,Lear body controlsystem(CANBUS),
Emgrand,EC820,Other,Other,UMC body controlsystem (UDS),
Emgrand,EC820,Other,Other,Mitsubishiimmobiliser system,
Emgrand,EC825,Other,Other,Mitsubishiimmobiliser system,
Emgrand,GL,Other,Other,Continentalbody controlsystem,
Series,Origin,Year,FeulType,Function,
Emgrand,GS,Other,Other,Continentalbody controlsystem,
Emgrand,X6,Other,Other,UMC body controlsystem (UDS),
Emgrand,X6,Other,Other,Narnsmartkey system,
Emgrand,NL-3,Other,Other,Smartkeysystem,
Engloncar,TX4,Other,Other,Integrated immobiliser system(withDelphi engine),
Engloncar,SC3,Other,Other,Integrated immobiliser system (with electricmotor),
Gleagle,GX720,Other,Other,Continentalbody controlsystem,
Series,Origin,Year,Fuel Type,Function,
4th generation immobiliser system,Other,NEC24C32,Other,KeyProgramming,
4th generation immobiliser system,Other,NEC95320,Other,KeyProgramming,
4th generation immobiliser system,Other,13NEC 24C64,Other,KeyProgramming,
5th generation immobiliser system,Other,Other,Other,Key(SmartKey)Programming,
4th generation immobiliser system,Other,NEC24C64,Other,KeyProgramming,
4th generation immobiliser system,Other,13NEC+24C64Color Screen,Other,KeyProgramming,
4th generation immobiliser system,Other,9S12XHZ512,Other,KeyProgramming,
Touareg,Other,03-07,Other,KeyProgramming,
Phaeton,Other,08-,Other,KeyProgramming,
Series,Origin,Year,Fuel Type,Function,
4th generation immobiliser system,Other,CDC+24C32,Other,KeyProgramming,
2th &3th generation,Other,Other,Other,ReadPin Code,
2th &3th generation,Other,Other,Other,KeyProgramming,
RemoteKey,Other,15POLO,Other,RemoteKeyProgramming,
4th generation immobiliser system,Other,Identifyimmobiliser type,Other,Identify4th generation immobiliser system,
RemoteKey,Other,Other,Other,RemoteKeyProgramming,
Touareg,Other,08-11,Other,KeyProgramming,
Phaeton,Other,03-07,Other,KeyProgramming,
4th generation immobiliser system,Other,12NEC+24C64Color Screen,Other,KeyProgramming,
RemoteKey,Other,Other,Other,CentralDoor Lock(1281),
RemoteKey,Other,Other,Other,CentralModule(1281),
Series,Origin,Year,FuelType,Function,
Selectfrom type,Other,Other,Other,CAS2/CAS3 Series,
Selectfrom type,Other,Other,Other,CAS4/CAS4+,
Series,Origin,Year,FuelType,Function,
S60,Other,Other,Other,Proximity Key[insertkeyto start],
S60,Other,Other,Other,SmartKey[one-button start],
Series,Origin,Year,FuelType,Function,
S80,Other,09-,Other,SmartKey[one-button start],
XC60,Other,09-,Other,SmartKey[one-button start],
S80,Other,09-,Other,Proximity Key[insertkeyto start],
XC60,Other,09-,Other,Proximity Key[insertkeyto start],
S40,Other,Other,Other,SmartKey,
S40,Other,Other,Other,Key Programming,
S80,Other,-09,Other,Proximity Key[insertkeyto start],
V40,Other,Other,Other,Proximity Key[insertkeyto start],
C30,Other,Other,Other,Key Programming,
C30,Other,Other,Other,SmartKey,
V40,Other,Other,Other,SmartKey[one-button start],
S80,Other,-09,Other,SmartKey[one-button start],
V60,Other,Other,Other,Proximity Key[insertkeyto start],
V60,Other,Other,Other,SmartKey[one-button start],
XC60,Other,-09,Other,Proximity Key[insertkeyto start],
XC60,Other,-09,Other,SmartKey[one-button start],
XC90,Other,Other,Other,FlipKey,
C70,Other,Other,Other,Key Programming,
C70,Other,Other,Other,SmartKey,
V70,Other,09-,Other,Proximity Key[insertkeyto start],
V70,Other,09-,Other,SmartKey[one-button start],
Series,Origin,Year,FuelType,Function,
Series,Origin,Year,FuelType,Function,
New Mondeo,Other,Other,Other,KeyProgramming,
New Mondeo,Other,Other,Other,SmartKey Programming,
Escort,Other,Other,Other,KeyProgramming,
New Edge,Other,15-,Other,SmartKey Programming,
Mustang,Other,Other,Other,SmartKey Programming,
Kuga,USA,05-07,Other,KeyProgramming,
Raptor F350,Other,Other,Other,KeyProgramming,
Transit,Other,Other,Other,KeyProgramming,
MondeoWins,Other,Other,Other,SmartKey Programming,
MondeoWins,Other,2012,Other,KeyProgramming,
MondeoWins,Other,2011,Other,KeyProgramming,
Focus,Other,2004-2008,Other,KeyProgramming,
Focus,Other,2011-2013,Other,KeyProgramming,
Kuga,Other,Other,Other,KeyProgramming,
Ecosport,Other,Other,Other,KeyProgramming,
Fiesta,Other,Other,Other,KeyProgramming,
Focus,Other,2009-2011,Other,KeyProgramming,
Mondeo,Other,Other,Other,KeyProgramming,
Ecosport,Other,Other,Other,SmartKey Programming,
Fiesta,Other,Other,Other,SmartKey Programming,
Focus,Other,14-,Other,KeyProgramming,
Exploror,Other,11-,Other,KeyProgramming,
ClassicFocus,Other,Other,Type2,KeyProgramming,
Kuga,Other,Other,Other,SmartKey Programming,
New Edge,Other,-15,Other,SmartKey Programming,
Series,Origin,Year,FuelType,Function,
Raptor F150,Other,2011-2014,Other,KeyProgramming,
Raptor F150,Other,2009-2010,Other,KeyProgramming,
Raptor F250,Other,2009-2010,Other,KeyProgramming,
Everest,Other,Other,Other,SmartKey Programming,
ClassicFocus,Other,Other,Type1,KeyProgramming,
Exploror,Other,15-,Other,SmartKey Programming,
Taurus,Other,15-,Other,SmartKey Programming,
Everest,Other,Other,Other,KeyProgramming,
Series,Origin,Year,FuelType,Function,
Camry,Other,00-04,Other,OrdinaryKey(4C),
Camry,Other,05-09,Other,OrdinaryKey(4D),
Reiz,Other,-08,Other,OrdinaryKey(4D),
Crown,Other,-08,Other,OrdinaryKey(4D),
Highlander,Other,-09,Other,OrdinaryKey(4D),
Prado,Other,10-,Other,SmartKey,
Crown,Other,08-,Other,SmartKey,
RAV4,Other,10,Other,SmartKey,
Reiz,Other,10-,Other,OrdinaryKey(4D-G-H-8A),
Corolla,Other,10-,Other,OrdinaryKey(4D-G-H-8A),
Camry,Other,10-13,Other,OrdinaryKey(4D-G-H-8A),
Crown,Other,-08,Other,SmartKey,
Crown,Other,-08,Other,RemoteKey,
Series,Origin,Year,FuelType,Function,
Reiz,Other,-08,Other,RemoteKey,
Camry,Other,05-09,Other,SmartKey,
Reiz,Other,10-,Other,RemoteKey,
Camry,Other,13-,Other,RemoteKey,
Vios,Other,13-,Other,OrdinaryKey(4D),
Corolla,Other,10-,Other,RemoteKey,
Camry,Other,05-09,Other,RemoteKey,
AVANZA,Other,Other,Other,OrdinaryKey(4D-G-H-8A),
Vios,Other,13-,Other,OrdinaryKey(4D-G-H-8A),
4D-G series lostallkey,Other,Other,Other,OrdinaryKey(4D-G-H-8A),
Highlander,Other,13,Other,OrdinaryKey(4D-G-H-8A),
Yaris,Other,08-11,Other,SmartKey,
Series,Origin,Year,FuelType,Funciton,
Tailboxcontrol,Cseries,204,Other,Type 1,
Tailboxcontrol,CLK series,204,Other,Type 1,
Tailboxcontrol,Eseries,212,Other,Type 1,
Tailboxcontrol,Sseries,221,Other,Type 2,
Series,Origin,Year,FuelType,Function,
ATS,Other,Other,Other,Key Programming,
Series,Origin,Year,FuelType,Function,
ATSL,Other,15-,Other,Key Programming,
SRX,Other,2010-2014,Other,Key Programming,
SRX,Other,15-,Other,Key Programming,
XTS,Other,-15,Other,Key Programming,
ATS,Other,Other,Other,SmartKeyProgramming,
ATSL,Other,15-,Other,SmartKeyProgramming,
SRX,Other,2010-2014,Other,SmartKeyProgramming,
SRX,Other,15-,Other,SmartKeyProgramming,
XTS,Other,-15,Other,SmartKeyProgramming,
CT6,Other,2016,Other,SmartKeyProgramming,
CTS,Other,13-,Other,SmartKeyProgramming,
Escalade,Other,Other,Other,SmartKeyProgramming,
CT6,Other,2017,Other,SmartKeyProgramming,
XT5,Other,2017,Other,SmartKeyProgramming,
CTS,Other,2008-2012,One-click,Key Programming,
DTS,Other,2008-2010,Other,Key Programming,
Escalade,Other,Other,Other,Key Programming,
SRX,Other,2004-2009,Other,Key Programming,
SLS,Other,2005-2009,Other,Key Programming,
SLS,Other,2013,Other,Key Programming,
SLS,Other,09-,Other,Key Programming,
Escalade,Other,Other,Other,RemoteKeyProgramming,
CTS,Other,Other,Other,RemoteKeyProgramming,
ReadPin Code,Other,Other,Other,ReadPin Code,
ATSL,Other,2017,Other,SmartKeyProgramming,
Series,Origin,Year,FuelType,Function,
XTS,Other,16-,Other,SmartKeyProgramming,
Series,Origin,Year,FuelType,Function,
Excelle,Other,-14,Other,Key Programming,
Excelle,Other,-14,Other,SmartKeyProgramming,
Envision,Other,Other,Other,Key Programming,
Encore,Other,Other,Other,Key Programming,
GL8,Other,Other,Type 1,Key Programming,
Lacrosse,Other,-16,Other,Key Programming,
Regal,Other,Other,Other,Key Programming,
Verano,Other,15-,Other,Key Programming,
Envision,Other,Other,Other,SmartKeyProgramming,
Encore,Other,Other,Other,SmartKeyProgramming,
GL8,Other,Other,Type 1,SmartKeyProgramming,
Lacrosse,Other,-16,Other,SmartKeyProgramming,
Regal,Other,Other,Other,SmartKeyProgramming,
Verano,Other,15-,Other,SmartKeyProgramming,
Excelle,Other,15-,Other,Key Programming,
Excelle,Other,15-,Other,SmartKeyProgramming,
Excelle,Other,13-,Other,Key Programming,
Lacrosse,Other,2017,Other,SmartKeyProgramming,
Allure,Other,2005-2008,Other,Key Programming,
Enclave,Other,Other,Other,Key Programming,
Series,Origin,Year,FuelType,Function,
Lucerne,Other,Other,Other,Key Programming,
ParkAvenue,Other,Other,Other,Key Programming,
Terraza,Other,Other,Other,Key Programming,
Excelle,Other,-12,Other,Key Programming,
GL8,Other,Other,Type 2,Key Programming,
Excelle,Other,-12,Other,RemoteKeyProgramming,
Excelle,Other,13-,Other,RemoteKeyProgramming,
Enclave,Other,Other,Other,RemoteKeyProgramming,
ParkAvenue,Other,Other,Other,RemoteKeyProgramming,
Lacrosse,Other,Other,Other,RemoteKeyProgramming,
Century,Other,Other,Other,RemoteKeyProgramming,
Regal,Other,Other,Other,RemoteKeyProgramming,
FirstLand,Other,Other,Other,RemoteKeyProgramming,
ReadPin Code,Other,Other,Other,ReadPin Code,
Royaum,Other,Other,Other,Key Programming,
Series,Origin,Year,FuelType,Function,
458,Other,Other,Other,KeyProgramming,
F12,Other,Other,Other,KeyProgramming,
F149,Other,Other,Other,KeyProgramming,
Series,Origin,Year,FuelType,Function,
Cherokee,Other,14-,Other,SmartKey,
Cherokee,Other,14-,Other,Proximity Key,
Series,Origin,Year,FuelType,Function,
Classifiedby System,Ordinary Key,Other,Other,Type 1(CAN),
Classifiedby System,Ordinary Key,Other,Other,Type 2(CAN),
Classifiedby System,Ordinary Key,Other,Other,Type 3(CAN),
Classifiedby System,Ordinary Key,Other,Other,Type 4(CAN),
Classifiedby System,Ordinary Key,Other,Other,Type 5(CAN),
Classifiedby System,SmartKey,Other,Other,Type 1(CAN),
Classifiedby System,RemoteKey,Other,Other,Type 4(CAN),
Classifiedby System,RemoteKey,Other,Other,Type 3(VPW),
Classifiedby System,RemoteKey,Other,Other,Type 2(VPW),
Classifiedby System,RemoteKey,Other,Other,Type 1(VPW),
Classifiedby System,SmartKey,Other,Other,Type 2(CAN),
Classifiedby System,Ordinary Key,Other,Other,Type 6(VPW),
Series,Origin,Year,FuelType,Function,
Power Daily,ImmobiliserSystem,Other,Other,ImmobiliserSystem 1,
Exceed,ImmobiliserSystem,Other,Other,ImmobiliserSystem 1,
Power Daily,Car Body Remote Key System,Other,Other,RemoteKeySystem 1,
Series,Origin,Year,FuelType,Function,
Exceed,Car Body Remote Key System,Other,Other,RemoteKeySystem1,
Series,Origin,Year,FuelType,Function,
SmartKey,Surui,Other,Other,Type1,
SmartKey,Sirui,Other,Other,Type1,
SmartKey,Qin,Other,Other,Type1,
SmartKey,Tang,Other,Other,Type1,
SmartKey,S7,Other,Other,Type1,
SmartKey,G5,Other,Other,Type1,
SmartKey,G6,Other,Other,Type1,
SmartKey,L3,Other,Other,Type1,
SmartKey,F3,Other,Other,Type1,
SmartKey,S6,Other,Other,Type1,
SmartKey,VA,Other,Other,Type1,
SmartKey,E6A,Other,Other,Type1,
SmartKey,E6B,Other,Other,Type1,
SmartKey,E6Y,Other,Other,Type1,
SmartKey,F0,Other,Other,Type1,
SmartKey,G3,Other,Other,Type1,
SmartKey,M6,Other,Other,Type1,
SmartKey,F3R,Other,Other,Type1,
SmartKey,Song,Other,Other,Type1,
Series,Origin,Year,FuelType,Function,
Aveo,Other,Other,Type2,Key Programming,
Cruze,Other,Other,Other,Key Programming,
Malibu,Other,-15,Other,Key Programming,
Trax,Other,Other,Other,Key Programming,
Aveo,Other,Other,Type2,SmartKeyProgramming,
Cruze,Other,Other,Other,SmartKeyProgramming,
Malibu,Other,-15,Other,SmartKeyProgramming,
Trax,Other,Other,Other,SmartKeyProgramming,
Malibu,Other,2016,Other,SmartKeyProgramming,
Lova,Other,2016,Other,Key Programming,
Lova,Other,2016,Other,SmartKeyProgramming,
Epica,Other,13-,Other,Key Programming,
Captiva,ImmobiliserSystem,Ordinary Key,Type2,Key Programming,
Captiva,ImmobiliserSystem,Ordinary Key,Type1,Key Programming,
Aveo,Other,Other,Type1,Key Programming,
Lova,Other,-15,Other,Key Programming,
Epica,Other,-12,Other,Key Programming,
Lova,Other,-15,Other,RemoteKeyProgramming,
Sail,Other,Other,Other,RemoteKeyProgramming,
Epica,Other,13-,Other,RemoteKeyProgramming,
Captiva,RemoteKeySystem,Type 1,Other,RemoteKeyProgramming,
Captiva,RemoteKeySystem,Type 2,Other,RemoteKeyProgramming,
Malibu,Other,2007-2011,Other,RemoteKeyProgramming,
Sail3,Other,Other,Other,RemoteKeyProgramming,
Series,Origin,Year,FuelType,Function,
Lumina,Other,2006-2011,Other,Key Programming,
ReadPin Code,Other,Other,Other,ReadPin Code,
Lova,Other,2016,Other,RemoteKeyProgramming,
Sail,Other,Other,Other,Immobiliser System,
Camaro,Other,Other,Other,Key Programming,
Camaro,Other,Other,Other,SmartKeyProgramming,
Series,Origin,Year,FuelType,Function,
BR451,Other,Other,Other,Ordinary Key,
BR451,Other,Other,Other,Odometer Adjustment,
BR450,Other,Other,Other,Ordinary Key,
Series,Origin,Year,FuelType,Function,
FlyingSpur,Other,12-,Other,KeyProgramming,
Mulsanne,Other,Other,6.8 Liter,Key(Smart Key) Programming,
Series,Origin,Year,FuelType,Function,
Classifiedby System,SmartKey,Other,Other,Immobiliser System 2,
Classifiedby System,SmartKey,Other,Other,Immobiliser System 1,
Series,Origin,Year,FuelType,Function,
Classifiedby System,OrdinaryKey,Other,Other,ImmobiliserSystem 1,
Classifiedby System,OrdinaryKey,Other,Other,ImmobiliserSystem 2,
Classifiedby System,SmartKey,Other,Other,KnobType,
Classifiedby System,SmartKey,Other,Other,Buttontype,
Classifiedby System,RemoteKey,Other,Other,9th generation immobilisersystem,
Classifiedby System,OrdinaryKey,Other,Other,ImmobiliserSystem 4,
Classifiedby System,OrdinaryKey,Other,Other,ImmobiliserSystem 3,
Classifiedby System,OrdinaryKey,Other,Other,Checkimmobiliser type,
Series,Origin,Year,FuelType,Function,
Classifiedby System,SmartKey,Other,Other,SmartKey System,
ReadPin Code,Other,Other,Other,Read PinCode,
Classifiedby System,Ordinary Key,Other,Other,KeySystem,
Series,Origin,Year,FuelType,Function,
Optima,Other,2004-2007,Other,KeyProgramming,
Sportage,Other,2008-2013,2.0 CVVT(Type2),KeyProgramming,
Sportage,Other,2008-2013,2.7 V6,KeyProgramming,
Picanto/Morning,Korea,2006,Petrol,KeyProgramming,
Cerato,Other,2003-2006,Other,KeyProgramming,
Series,Origin,Year,FuelType,Function,
Carens,Korea,2003-2005,Other,KeyProgramming,
Carens,Korea,2006,Petrol,KeyProgramming,
Carens,Korea,2006,DieselType 2,KeyProgramming,
Sportage,Other,2005,Other,KeyProgramming,
Sportage,Other,2006,DieselType 2,KeyProgramming,
Sportage,Other,2006,2.0 CVVT,KeyProgramming,
Sportage,Other,2006,2.7 V6,KeyProgramming,
Magentis(Optima),Korea,2007,Petrol,KeyProgramming,
Sorento,Korea,2003-2006,Diesel,KeyProgramming,
Sorento,Korea,2007-2008,PetrolType 2,KeyProgramming,
Sorento,Korea,2007-2008,Diesel,KeyProgramming,
K3(YDC),Other,12-,Other,KeyProgramming,
K3(YD),Other,14-,Other,KeyProgramming,
Carens/Rondo(New Carens),Korea,14-,Other,KeyProgramming,
Sorento,Korea,15-,Other,KeyProgramming,
Forte,Other,2009-2013,Other,KeyProgramming,
Sportage,Other,2008-2013,2.0 CVVT(Type1),KeyProgramming,
Sportager,Other,2011-2013,Other,KeyProgramming,
K5,Other,2011-2013,Other,KeyProgramming,
K5,Other,14-,Other,KeyProgramming,
K2(QBC),Other,2011,Other,KeyProgramming,
TD KOUP,Korea,2009,Other,KeyProgramming,
Carens,Korea,2007-2008,Petrol,KeyProgramming,
Carnival(Sedona),Korea,07-,Other,KeyProgramming,
Series,Origin,Year,FuelType,Function,
Sorento,Korea,2007-2008,PetrolType 1,KeyProgramming,
Sorento,Korea,2009-2012,Other,KeyProgramming,
Sorento,Korea,2013-2014,Other,KeyProgramming,
K5HEV,Other,13-,Other,KeyProgramming,
Cadenza(VG),Korea,10-,Other,KeyProgramming,
CadenzaF/L(VGF/L),Korea,13-,Other,KeyProgramming,
Opirus(Amanti),Korea,2007,Other,KeyProgramming,
Forte,Other,2009-2013,Other,SmartKey Programming,
Soul,Other,12-,Other,SmartKey Programming,
TD Koup,Korea,2009,Other,SmartKey Programming,
Sorento,Korea,2009-2012,Other,SmartKey Programming,
Mohave（Borreed）,Korea,2009,Other,SmartKey Programming,
Cadenza(VG),Korea,10-,Other,SmartKey Programming,
K5,Other,2011-2013,Other,SmartKey Programming,
K5HEV,Other,13-,Other,SmartKey Programming,
Sportage,Other,14-,Other,SmartKey Programming,
K2(QBC),Other,2011,Other,SmartKey Programming,
Sorento,Korea,2013-2014,Other,SmartKey,
Series,Origin,Year,FuelType,Function,
,,,,Programming,
K4,Korea,Other,Other,SmartKey Programming,
K5,Other,14-,Other,SmartKey Programming,
K3(YDC),Other,12-,Other,SmartKey Programming,
K3(YD),Other,14-,Other,SmartKey Programming,
KX3,Other,Other,Type 1,SmartKey Programming,
Carens/Rondo(New Carens),Korea,14-,Other,SmartKey Programming,
Sorento,Korea,15-,Other,SmartKey Programming,
CadenzaF/L(VG F/L),Korea,13-,Other,SmartKey Programming,
KX3,Other,Other,Type 2,SmartKey Programming,
Sportage,Other,2008-2013,Diesel,KeyProgramming,
Picanto/Morning,Korea,2006,Diesel,KeyProgramming,
Rio,Korea,2007,Other,KeyProgramming,
Carens,Korea,2006,DieselType 1,KeyProgramming,
Carens,Korea,2007-2008,Diesel,KeyProgramming,
Sportage,Other,2006,DieselType 1,KeyProgramming,
MAGENTIS(OPTIMA),Korea,2007,Diesel,KeyProgramming,
Mohave（Borreed）,Korea,2009,Other,KeyProgramming,
Sportage,Other,14-,Other,KeyProgramming,
Series,Origin,Year,FuelType,Function,
Sportage,Other,14-,Other,Remote Key Programming,
Sportager,Other,13-,Other,KeyProgramming,
Sportager,Other,13-,Other,SmartKey Programming,
Sportager,Other,2011-2013,Other,SmartKey Programming,
K2(QBC),Other,Other,Other,Remote Key Programming,
K3(YD),Other,14-,Other,Remote Key Programming,
K3(YDC),Other,12-,Other,Remote Key Programming,
K5,Other,14-,Other,Remote Key Programming,
K5,Other,2011-2013,Other,Remote Key Programming,
Forte,Other,Other,Other,Remote Key Programming,
Carens,Korea,2007-2008,Other,Remote Key Programming,
Soul,Other,12-,Other,Remote Key Programming,
Optima,Other,08-,Other,Remote Key Programming,
Classifiedby System,Key Programming,Other,Type 3（K）,KeyProgramming,
Classifiedby System,Key Programming,Other,Type 4（K）,KeyProgramming,
Classifiedby System,Key Programming,Other,Type 5（K）,KeyProgramming,
Series,Origin,Year,FuelType,Function,
Classifiedby System,Key Programming,Other,Type 6（K）,KeyProgramming,
Classifiedby System,Key Programming,Other,Type 1（CAN）,KeyProgramming,
Classifiedby System,Key Programming,Other,Type 2（CAN）,KeyProgramming,
Classifiedby System,SmartKey Programming,Other,Type 1（With KeySlot K）,SmartKey Programming,
Classifiedby System,SmartKey Programming,Other,Type 2（With KeySlot K）,SmartKey Programming,
Classifiedby System,SmartKey Programming,Other,Type 4（With KeySlot K）,SmartKey Programming,
Classifiedby System,SmartKey Programming,Other,Type 3（With KeySlot K）,SmartKey Programming,
Classifiedby System,SmartKey Programming,Other,Type 5（With KeySlot CAN）,SmartKey Programming,
Classifiedby System,SmartKey Programming,Other,Type 6（With KeySlot CAN）,SmartKey Programming,
Classifiedby System,RemoteKey Programming,Other,Type 1（K）,Remote Key Programming,
Classifiedby System,RemoteKey Programming,Other,Type 2（CAN）,Remote Key Programming,
Classifiedby System,Immobiliser Authorization Code,Other,Other,Read Pin Code,
ReadPin Code,Other,Other,Other,Read Pin Code,
Series,Origin,Year,FuelType,Function,
RAM1500,Other,12-,Other,Key Programming(KnobKey),
RAM1500,Other,06-,Other,Key Programming,
Series,Origin,Year,FuelType,Function,
Journey,Other,11-,Other,Immobiliser System 9,
Series,Origin,Year,FuelType,Function,
Classifiedby System,Ordinary Key,Other,Other,Type 1,
Classifiedby System,SmartKey,Other,Other,Type C,
Classifiedby System,SmartKey,Other,Other,Type D(XV),
Classifiedby System,Ordinary Key,Other,Other,Type 2(XV),
Classifiedby System,Remote Key,Other,Other,Type 1,
Series,Origin,Year,FuelType,Function,
IX35,Other,Other,Other,KeyProgramming,
Sonata,Other,Other,Other,KeyProgramming,
Tucson,Other,Other,Petrol2.0,KeyProgramming,
Tucson,Other,Other,Diesel,KeyProgramming,
Tucson,Other,Other,Petrol2.7,KeyProgramming,
Mistra,Other,Other,Other,KeyProgramming,
Elantra,Other,08-,Other,KeyProgramming,
Sonata,Other,Other,Other,KeyProgramming,
I30,Other,Other,Other,KeyProgramming,
Verna,Other,Other,Other,KeyProgramming,
Elantra,OrdinaryKey,Other,Other,KeyProgramming,
Series,Origin,Year,FuelType,Function,
Elantra,SmartKey,Other,Type2（WithKeySlotK）,SmartKey Programming,
Sonata,Other,Other,Other,SmartKey Programming,
IX35,WithKey Slot,Other,Other,SmartKey Programming,
Elantra,Other,12-,Other,SmartKey Programming,
IX35,WithoutKey Slot,Other,Other,SmartKey Programming,
IX35(F/L),Other,Other,Other,SmartKey Programming,
Verna,Other,Other,Other,SmartKey Programming,
IX25,Other,Other,Other,SmartKey Programming,
New IX35,Other,Other,Other,SmartKey Programming,
Sonata,Other,9th Generation,Other,SmartKey Programming,
AllNew Santafe,Other,13-,Other,SmartKey Programming,
AllNew Tucson,Other,Other,Other,SmartKey Programming,
Mistra,Other,Other,Other,SmartKey Programming,
ATOZ,Korea,1998-2002,Other,KeyProgramming,
GETZ,Korea,03-,Other,KeyProgramming,
Accent,Other,2000-2005,Other,KeyProgramming,
Series,Origin,Year,FuelType,Function,
Matrix,Korea,06-,Other,KeyProgramming,
Avante,Korea,2001-2012,Other,KeyProgramming,
HDCOUPE(Coupe),Korea,02-,Other,KeyProgramming,
Azera,Korea,2006-2010,Other,KeyProgramming,
H1,Korea,1998-2002,Diesel,KeyProgramming,
TRAJETX6,Korea,2001-2002,Other,KeyProgramming,
VELOSTER,Korea,12-,Other,KeyProgramming,
Avante,Korea,13-,Other,KeyProgramming,
I40,Korea,12-,Other,KeyProgramming,
Azera,Korea,11-,Other,KeyProgramming,
H1,Korea,11-,Other,KeyProgramming,
Veracruz,Korea,06-,Other,KeyProgramming,
Rohens Coupe,Korea,09-,Other,KeyProgramming,
Rohens (BH),Korea,09-,Other,KeyProgramming,
Equus,Korea,2012-2013,Other,SmartKey Programming,
Rohens Coupe,Korea,09-,Other,SmartKey Programming,
I40,Korea,12-,Other,SmartKey Programming,
Veloster,Korea,12-,Other,SmartKey Programming,
Rohens (BH),Korea,13-,Other,SmartKey Programming,
Equus,Korea,2009-2011,Other,SmartKey Programming,
Rohens (BH),Korea,09-,Other,SmartKey,
Series,Origin,Year,FuelType,Function,
,,,,Programming,
Rohens (BH),Korea,2012,Other,SmartKey Programming,
Veracruz,Korea,06-,Other,SmartKey Programming,
Equus,Korea,14-,Other,SmartKey Programming,
AllNew Santafe,Other,13-,Other,KeyProgramming,
Santafe,Korea,2001-2002,Other,KeyProgramming,
Santafe,Korea,2009-2012,Other,KeyProgramming,
Santafe,Korea,2006-2008,Petrol,KeyProgramming,
GRANDSANTAFE,Korea,Other,Other,KeyProgramming,
GRANDSANTAFE,Korea,Other,Other,SmartKey Programming,
Azera,Korea,11-,Other,SmartKey Programming,
Sonata,Other,2005-2014,Other,KeyProgramming,
Sonata,Other,2005-2014,Other,SmartKey Programming,
Santafe,Korea,2009-2012,Other,SmartKey Programming,
Accent,Other,06-,Other,KeyProgramming,
Santafe,Korea,2006-2008,Diesel,KeyProgramming,
Elantra,Other,12-,Other,Remote Key Programming,
IX35,Other,Other,Other,Remote Key Programming,
Verna,Other,Other,Other,Remote Key,
Series,Origin,Year,FuelType,Function,
,,,,Programming,
481,AllNew Tucson,Other,Other,Remote Key Programming,
Sonata,Other,Other,Other,Remote Key Programming,
Rohens Coupe,Korea,09-,Other,Remote Key Programming,
I30,Other,Other,Other,Remote Key Programming,
AllNew Santafe,Other,13-,Other,Remote Key Programming,
Azera,Korea,11-,Other,Remote Key Programming,
Elantra,Other,Other,Other,KeyProgramming,
Elantra,Other,Other,Other,Remote Key Programming,
Tucson,Other,Other,Other,Remote Key Programming,
Classifiedby System,Key Programming,Other,Type 1（K）,KeyProgramming,
Classifiedby System,Key Programming,Other,Type 2（K）,KeyProgramming,
Classifiedby System,Key Programming,Other,Type 3（K）,KeyProgramming,
Classifiedby System,Key Programming,Other,Type 4（CAN）,KeyProgramming,
Classifiedby System,Key Programming,Other,Type 5（CAN）,KeyProgramming,
Classifiedby,SmartKeyProgramming,Other,Type1（WithKeySlotK）,SmartKey,
Series,Origin,Year,FuelType,Function,
System,,,,Programming,
Classifiedby System,SmartKeyProgramming,Other,Type2（WithKeySlotK）,SmartKey Programming,
Classifiedby System,SmartKeyProgramming,Other,Type 3（WithoutKey SlotK）,SmartKey Programming,
Classifiedby System,SmartKeyProgramming,Other,Type4（WithKeySlotK）,SmartKey Programming,
Classifiedby System,SmartKeyProgramming,Other,Type 5（WithoutKey SlotK）,SmartKey Programming,
Classifiedby System,SmartKeyProgramming,Other,Type6（WithKeySlotK）,SmartKey Programming,
Classifiedby System,SmartKeyProgramming,Other,Type 7（WithoutKey SlotCAN）,SmartKey Programming,
Classifiedby System,SmartKeyProgramming,Other,Type 8（WithoutKey SlotCAN）,SmartKey Programming,
Classifiedby System,RemoteKey Programming,Other,Type 1（K）,Remote Key Programming,
Classifiedby System,RemoteKey Programming,Other,Type 2（CAN）,Remote Key Programming,
Classifiedby System,Immobiliser Authorization Code,Other,Other,Read PinCode,
Elantra,SmartKey,Other,Type 1（WithoutKey SlotK）,SmartKey Programming,
ReadPin Code,Other,Other,Other,Read PinCode,
Verna,Other,Other,Other,KeyProgramming,
Classifiedby System,RemoteKey Programming,Other,Type 3,Remote Key Programming,
Classifiedby System,RemoteKey Programming,Other,Type 4,Remote Key Programming,
Series,Origin,Year,FuelType,Function,
Classifiedby System,RemoteKey Programming,Other,Type 5（K）,Remote Key Programming,
Series,Origin,Year,FuelType,Function,
LP560,Other,Other,Other,Remote Key Programming,
LP570,Other,Other,Other,Remote Key Programming,
Series,Origin,Year,FuelType,Function,
H3,Other,Other,Other,Remote Key Programming,
H2,Other,Other,Other,Remote Key Programming,
H2,Other,Other,Other,Remote Key Programming,
H3,Other,Other,Other,Remote Key Programming,
Series,Origin,Year,FuelType,Function,
ES240,Other,Other,Other,SmartKey,
CT200H,Other,12-,Other,SmartKey,
ES250,Other,12-,Other,SmartKey,
ES350,Other,Other,Other,SmartKey,
RX270,Other,Other,Other,SmartKey,
IS300,Other,Other,Other,SmartKey,
Series,Origin,Year,FuelType,Function,
GS300,Other,Other,Other,SmartKey,
Series,Origin,Year,FuelType,Function,
RangeRover,Other,2008-2015,Other,SmartKeyProgramming,
Discovery3,Other,Other,Other,Key Programming,
Freelander2,Other,-12,Other,SmartKeyProgramming,
Freelander,Other,2003-2005,Other,RemoteKeyProgramming,
Discovery4,Other,Other,Other,SmartKeyProgramming,
Evoque,Other,Other,Other,SmartKeyProgramming,
Series,Origin,Year,FuelType,Function,
GS5,Other,Other,Other,KeyProgramming,
GS5,Other,Other,Other,SmartKey Programming,
GA5,Other,Other,Other,KeyProgramming,
GA5,Other,Other,Other,SmartKey Programming,
GA3,Other,Other,Other,KeyProgramming,
GA8,Other,Other,Other,KeyProgramming,
GS4,Other,Other,Other,KeyProgramming,
GA6,Other,Other,Other,KeyProgramming,
Extendedelectricvehicles,Other,Other,Other,KeyProgramming,
GA3,Other,Other,Other,SmartKey Programming,
Series,Origin,Year,FuelType,Function,
GA6,Other,Other,Other,SmartKey Programming,
GA8,Other,Other,Other,SmartKey Programming,
GS4,Other,Other,Other,SmartKey Programming,
GS8,Other,Other,Other,SmartKey Programming,
GS8,Other,Other,Other,KeyProgramming,
Series,Origin,Year,FuelType,Function,
308,Other,Other,Other,KeyProgramming,
3008,Other,Other,Other,KeyProgramming,
307,Other,06-,Other,KeyProgramming,
308S,Other,Other,Other,KeyProgramming,
ReadPIN Code,Other,Other,Other,Read PIN Code,
Classifiedby System,SmartKey,Other,Other,SmartKey System,
Classifiedby System,Ordinary Key,Other,Other,KeySystem,
207,Other,Other,Other,KeyProgramming,
307,Other,-06,Other,KeyProgramming,
508,SmartKey,Other,Other,SmartKey System,
508,Ordinary Key,Other,Other,KeyProgramming,
408,Other,Other,Other,KeyProgramming,
Series,Origin,Year,FuelType,Function,
Series,Origin,Year,FuelType,Function,
C4,Other,Other,Other,KeyProgramming,
Triomphe,Other,Other,Other,KeyProgramming,
C5,Other,Other,Other,KeyProgramming,
359,Quatre,Other,Other,KeyProgramming,
C4L,Ordinary Key,Other,Other,KeyProgramming,
C4L,SmartKey,Other,Other,SmartKey System,
Classifiedby System,SmartKey,Other,Other,SmartKey System,
ReadPIN Code,Other,Other,Other,Read PIN Code,
Classifiedby System,Ordinary Key,Other,Other,KeySystem,
Series,Origin,Year,FuelType,Function,
Flipkey,Other,Other,Other,KeyProgramming,
SmartKey-16,Other,Other,Other,PIN Codereading,
SmartKey-16,Other,Other,Other,SmartKey Programming,
SmartKey16-,Other,Other,Other,SmartKey,
Series,Origin,Year,FuelType,Function,
4D chip(diesel),Other,Other,Other,Key Programming,
4D chip(diesel),Other,Other,Other,RemoteKeyProgramming,
48chip(petrol),Other,Other,Other,Key Programming,
Series,Origin,Year,FuelType,Function,
MKC,Other,Other,Other,SmartKeyProgramming,
MKZ,Other,Other,Other,SmartKeyProgramming,
Navigator,Other,2010-2014,Other,Key programming,
MKS,Other,Other,Other,SmartKeyProgramming,
MKT,Other,Other,Other,SmartKeyProgramming,
MKX,Other,2013-2015,Other,SmartKeyProgramming,
TOWNCAR,Other,2005-2010,Other,Key programming,
MKX,Other,16-,Other,SmartKeyProgramming,
Series,Origin,Year,FuelType,Function,
A6L,Other,09-,Other,KeyProgramming,
A6L,Other,-09,Other,KeyProgramming,
Immo5 system,Other,Other,Other,Key(Smart Key) Programming,
Series,Origin,Year,FuelType,Function,
Classifiedby System,Ordinary Key,Other,Other,Electronickey(10),
Classifiedby System,Ordinary Key,Other,Other,Electronickey(E0),
Classifiedby System,Ordinary Key,Other,Other,Electronickey(12),
Series,Origin,Year,FuelType,Function,
Classifiedby System,Ordinary Key,Other,Other,Automaticretrieval type,
Classifiedby System,Remote key,Other,Other,Automaticretrieval type,
Classifiedby System,SmartKey,4-digitPIN Code,Other,SmartKey(no keyslot – knob type),
Classifiedby System,SmartKey,New 20-digit rolling code,Teana-VIP(13-after),Smartkey system 1(rolling code),
Classifiedby System,SmartKey,New 20-digit rolling code,Cima(13-after),Smartkey system 1(rolling code),
Classifiedby System,SmartKey,New 20-digit rolling code,JX35(13-),Smartkey system 1(rolling code),
Classifiedby System,SmartKey,New 20-digit rolling code,QX60(13-),Smartkey system 1(rolling code),
Classifiedby System,SmartKey,New 20-digit rolling code,Murano,Smartkey system 1(rolling code),
Classifiedby System,SmartKey,New 20-digit rolling code,Q50,Smartkey system 2(rolling code),
Classifiedby System,SmartKey,New 20-digit rolling code,X-Trail(13-after),Smartkey system 3(rolling code),
Classifiedby System,SmartKey,New 20-digit rolling code,Qashqai(15-after),Smartkey system 3(rolling code),
Classifiedby System,SmartKey,4-digitPIN Code,Other,SmartKey(no keyslot – knob type),
Classifiedby System,SmartKey,4-digitPIN Code,Other,SmartKey(with key slot – button type),
Classifiedby System,SmartKey,4-digitPIN Code,Other,SmartKey(without keyslot – buttontype),
Classifiedby,SmartKey,4-digitPIN Code,Other,SmartKey(with key slot – button,
Series,Origin,Year,FuelType,Function,
System,,,,type),
Classifiedby System,Ordinary Key,Other,Other,New 20-digitrolling code,
Classifiedby System,Ordinary Key,Other,Other,Activatedirectionlock,
Classifiedby System,SmartKey,4-digitPIN Code,Other,Activatedirectionlock,
Series,Origin,Year,FuelType,Function,
Swift,Other,05-,Other,System1,
Vitara,OrdinaryKey,Other,Other,System1,
Vitara,OrdinaryKey,Other,Other,System2,
Alto,OrdinaryKey,Other,Other,System2,
SX4,OrdinaryKey,Other,Other,System2,
Vitara,OrdinaryKey,Other,Other,System3,
Vitara,SmartKey,Other,Other,System1,
Alivio,SmartKey,Other,Other,System1,
Alivio,OrdinaryKey,Other,Other,System3,
Liana,OrdinaryKey,Other,Other,System1,
S-Cross,SmartKey,Other,Other,System1,
Jimny,OrdinaryKey,Other,Other,System4,
ignis,OrdinaryKey,Other,Other,System4,
Liana,OrdinaryKey,Other,Other,System4,
Jimny,OrdinaryKey,Other,Other,System1,
Series,Origin,Year,FuelType,Function,
Classifiedby System,Ordinary Key,Other,Other,System 1,
Classifiedby System,RemoteKey,Other,Other,System 1,
Classifiedby System,SmartKey,Other,Other,System 1,
Classifiedby System,Ordinary Key,Other,Other,System 2,
Classifiedby System,RemoteKey,Other,Other,System 2,
Classifiedby System,SmartKey,Other,Other,System 2,
Classifiedby System,Ordinary Key,Other,Other,System 3,
Classifiedby System,RemoteKey,Other,Other,System 3,
Classifiedby System,RemoteKey,Other,Other,System 4,
Classifiedby System,Ordinary Key,Other,Other,System 4,
Lancer-ex,SmartKey,Other,Other,System 1,
Lancer-ex,Ordinary Key,Other,Other,System 1,
Lancer-ex,RemoteKey,Other,Other,System 1,
Outlander,-13,SmartKey,Other,System 1,
Outlander,14-,SmartKey,Other,System 2,
ASX,SmartKey,Other,Other,System 2,
ASX,Ordinary Key,Other,Other,System 4,
ASX,RemoteKey,Other,Other,System 4,
TRITON,-10,Ordinary Key,Other,System 2,
TRITON,-10,Ordinary Key,Other,System 3,
TRITON,-10,Remote Key,Other,System 2,
TRITON,-10,Remote Key,Other,System 3,
Series,Origin,Year,FuelType,Function,
TRITON,11-,Ordinary Key,Other,System 2,
TRITON,11-,Ordinary Key,Other,System 3,
TRITON,11-,Remote Key,Other,System 2,
TRITON,11-,Remote Key,Other,System 3,
PajeroSport,10-,Ordinary Key,Other,System 2,
PajeroSport,10-,Remote Key,Other,System 2,
Classifiedby System,Ordinary Key,Other,Other,System 5,
V73,Ordinary Key,Other,Other,System 5,
V97,Ordinary Key,Other,Other,System 5,
Galant,Ordinary Key,Other,Other,System 5,
Grandis,Ordinary Key,Other,Other,System 5,
Series,Origin,Year,FuelType,Function,
Acadia,Other,2007-2010,Other,KeyProgramming,
Savana,Other,2008-2009,Other,KeyProgramming,
Sierra,Other,2007-2009,Other,KeyProgramming,
Yukon,Other,2007-2009,Other,KeyProgramming,
Series,Origin,Year,FuelType,Function,
D-MAX,Other,Other,Other,ImmobiliserSystem 1,
MU-7,Other,Other,Other,ImmobiliserSystem 1,
Series,Origin,Year,FuelType,Function,
D-MAX,Other,Other,Other,ImmobiliserSystem 3,
MU-X,Other,Other,Other,ImmobiliserSystem 3,
Series,Origin,Year,FuelType,Function,
ImmobiliserSystem,Other,Other,Other,OrginalImmobiliser System,
ImmobiliserSystem,Other,Other,Other,JointElectronics Immobiliser System,
ImmobiliserSystem,Other,Other,Other,SiemensImmobiliser System,
Series,Origin,Year,FuelType,Function,
ImmobiliserSystem,Other,Other,Other,ShanghaiIndustrialTrafficSecurity System,
ImmobiliserSystem,Other,Other,Other,Lianchuang Immobiliser System,
ImmobiliserSystem,Other,Other,Other,DelphiImmobiliser System,
ImmobiliserSystem,Other,Other,Other,AutonomousImmobiliser System,
SmartKeySystem,Other,Other,Other,Type 1,
SmartKeySystem,Other,Other,Other,Type 2,
RemoteKeySystem,A1,Other,Other,RemoteKeySystem 1,
RemoteKeySystem,Cowin1,Other,Other,RemoteKeySystem 1,
RemoteKeySystem,QQ3,Other,Other,RemoteKeySystem 1,
RemoteKeySystem,QQ6,Other,Other,RemoteKeySystem 1,
RemoteKeySystem,RiichM1,Other,Other,RemoteKeySystem 1,
RemoteKeySystem,RiichM2,Other,Other,RemoteKeySystem 1,
Series,Origin,Year,FuelType,Function,
RemoteKeySystem,RiichM3,Other,Other,RemoteKeySystem 1,
RemoteKeySystem,RiichM5,Other,Other,RemoteKeySystem 1,
RemoteKeySystem,RiichX1,Other,Other,RemoteKeySystem 1,
RemoteKeySystem,V5series,Other,Other,RemoteKeySystem 1,
RemoteKeySystem,Elegantseries,Other,Other,RemoteKeySystem 1,
RemoteKeySystem,Eastar,Other,Other,RemoteKeySystem 1,
RemoteKeySystem,Tiggo3,Other,Other,RemoteKeySystem 1,
RemoteKeySystem,EQ,Other,Other,RemoteKeySystem 1,
RemoteKeySystem,TiggoFacelift,Other,Other,RemoteKeySystem 1,
RemoteKeySystem,New QQ,Other,Other,RemoteKeySystem 1,
RemoteKeySystem,A3,Other,Other,RemoteKeySystem 2,
RemoteKeySystem,H5series,Other,Other,RemoteKeySystem 2,
RemoteKeySystem,X5series,Other,Other,RemoteKeySystem 2,
RemoteKeySystem,H3series,Other,Other,RemoteKeySystem 2,
RemoteKeySystem,FENGYUN 2,Other,Other,RemoteKeySystem 2,
RemoteKeySystem,New Eastar,Other,Other,RemoteKeySystem 2,
RemoteKeySystem,A5,Other,Other,RemoteKeySystem 3(Atech),
RemoteKeySystem,Cowin3,Other,Other,RemoteKeySystem 3(Atech),
RemoteKeySystem,E5,Other,Other,RemoteKeySystem 3(Atech),
RemoteKeySystem,A5,Other,Other,RemoteKeySystem (Kostal),
RemoteKeySystem,Cowin3,Other,Other,RemoteKeySystem (Kostal),
RemoteKeySystem,Cowin5,Other,Other,RemoteKeySystem 6,
RemoteKeySystem,RiichM1,Other,Other,RemoteKeySystem 6,
RemoteKeySystem,G3,Other,Other,RemoteKeySystem 6,
RemoteKeySystem,V5series,Other,Other,RemoteKeySystem 6,
Series,Origin,Year,FuelType,Function,
RemoteKeySystem,Eastar,Other,Other,RemoteKeySystem 6,
RemoteKeySystem,ArrizoM7,Other,Other,RemoteKeySystem 6,
RemoteKeySystem,QQmeSeries,Other,Other,RemoteKeySystem 7,
RemoteKeySystem,G2,Other,Other,RemoteKeySystem 8,
RemoteKeySystem,G3,Other,Other,RemoteKeySystem 8,
RemoteKeySystem,G5,Other,Other,RemoteKeySystem 9,
RemoteKeySystem,G6,Other,Other,RemoteKeySystem 9,
RemoteKeySystem,Tiggo3,Other,Other,RemoteKeySystem 10,
RemoteKeySystem,TiggoFacelift,Other,Other,RemoteKeySystem 10,
RemoteKeySystem,E3,Other,Other,RemoteKeySystem 11,
RemoteKeySystem,Arrizo3,Other,Other,RemoteKeySystem 11,
RemoteKeySystem,Arrizo7,Other,Other,RemoteKeySystem 11,
RemoteKeySystem,ArrizoM7(PHEV),Other,Other,RemoteKeySystem 11,
RemoteKeySystem,Tiggo5,Other,Other,RemoteKeySystem 11,
RemoteKeySystem,CowinC3,Other,Other,RemoteKeySystem 11,
RemoteKeySystem,CowinC3R,Other,Other,RemoteKeySystem 11,
RemoteKeySystem,M16PHEV,Other,Other,RemoteKeySystem 11,
RemoteKeySystem,Arrizo5,Other,Other,RemoteKeySystem 12,
RemoteKeySystem,KarryK50,Other,Other,RemoteKeySystem 13,
ImmobiliserSystem,Other,Other,Other,ImmobilizationCode,
Series,Origin,Year,FuelType,Function,
ImmobiliserSystem,Other,Other,Other,Type 1,
